{"credentials":[
  {
  "first_name": "Jorg",
  "last_name": "van Doornmalen",
  "email": "jorg.vandoornmalen@ibm.com",
  "namespace": "admin/team_jorg",
  "namespace_suffix": "jorg",
  "username": "jorg",
  "password": "VaultWorkshop-jorg!"
}
  ,{
  "first_name": "Mahil",
  "last_name": "el Khatib",
  "email": "mahil@ibm.com",
  "namespace": "admin/team_mahil",
  "namespace_suffix": "mahil",
  "username": "mahil",
  "password": "VaultWorkshop-mahil!"
}
  ,{
  "first_name": "Raymon",
  "last_name": "Epping",
  "email": "raymon.epping@ibm.com",
  "namespace": "admin/team_raymon-e",
  "namespace_suffix": "raymon-e",
  "username": "raymon",
  "password": "VaultWorkshop-raymon!"
}
  ,{
  "first_name": "Cojan",
  "last_name": "van Ballegooijen",
  "email": "cojan.vanballegooijen@ibm.com",
  "namespace": "admin/team_cojan",
  "namespace_suffix": "cojan",
  "username": "cojan",
  "password": "VaultWorkshop-cojan!"
}
  ,{
  "first_name": "Raymon",
  "last_name": "bakker",
  "email": "raymon.bakker@ibm.com",
  "namespace": "admin/team_raymon-b",
  "namespace_suffix": "raymon-b",
  "username": "raymon",
  "password": "VaultWorkshop-raymon!"
}
]}
